actual_rating,predicted_rating,explanation,is_valid_json,error,review_text,latency_sec
1,1.0,"The review highlights critical failures, including multiple instances of raw and severely undercooked food, such as shrimp dumplings and egg rolls, which is a significant health and safety concern. Additionally, the reviewer noted tacky decor, inefficient service, and poor quality in other staple dishes like the ""pathetic"" beef internal organs and underfilled, uncooked BBQ pork buns. The experience was overwhelmingly negative, leading the customer to state they would not return, firmly placing this in the 'extremely negative' category.",True,,"Don't know where I should start. Grand opening was on September 17th, 2010. We went to try this new ...",7.283759117126465
1,1.0,"The review uses extremely strong negative language such as ""absolutely waste of time & space,"" ""rude, uncaring staff,"" and ""complete disgrace."" The customer also states they ""would never give such a place my hard earned money,"" clearly indicating a terrible experience.",True,,Absolutely waste of time & space is this establishment. Don't bother checking in with the host to be...,2.8708512783050537
1,1.0,"The review uses extremely strong negative language to describe the food, calling it 'absolutely disgusting,' 'no flavour at all,' and saying 'I've eaten better pizza boxes.' While staff, cleanliness, and price were noted as positives, the core product (food) was deemed inedible and an utter failure, aligning perfectly with a 1-star 'extremely negative' rating.",True,,"I am *floored* that this place has 4 stars. Literally fell out of my chair, picked myself up, then c...",4.285128355026245
1,1.0,"The customer experienced significant damage to their natural nails due to improper gel removal, resulting in them becoming extremely thin and flimsy. The new polish application was uneven, and the subsequent customer service was exceptionally poor, with staff refusing a refund and denying the customer's valid concerns. The review's strong negative language, including 'Horrible!' and 'will never go back', clearly indicates an extremely unsatisfactory experience, warranting a 1-star rating.",True,,"Horrible! I had a gel manicure. The tech didn't let my old gel soak off long enough so she scraped, ...",6.250653028488159
1,1.0,"The review uses extremely negative language such as ""worst I have ever heard"", ""annoying as ever"", and ""horrible music"". It criticizes multiple aspects including the music, wait staff, ambiance (smells like fish), and finds the ""so so"" food overpriced, indicating an overwhelmingly negative experience consistent with a 1-star rating.",True,,Not only was the music the worst I have ever heard the wait staff was as annoying as ever! Like a wa...,2.8117048740386963
1,1.0,"This review describes an extremely negative experience due to a significant staff error where the customer was served a bacon quiche instead of a vegetarian one, breaking a five-year commitment to meatless eating. The customer experienced nausea and panic. The staff's response was dismissive, lacking any apology or offer of recompense beyond a refund, despite the profound emotional distress caused by their 'epic error.' The overall sentiment is one of deep disappointment and anger, fitting the one-star criteria of 'terrible' and 'awful'.",True,,I can overcome the hipster sneer and accept that I am an uncool blemish in a world full of cut-off c...,6.075819969177246
1,1.0,"The review is overwhelmingly negative, explicitly describing the experience as having the ""most awful service I have ever received"" and being the ""worst dining experience."" The customer felt ignored, waited excessively long for food and the check, and was treated poorly, especially after mentioning Groupon. The language used, such as ""horrible experience,"" ""treated worse than a bothersome fly,"" and ""prisoners in a cafeteria get more attention than I did,"" strongly indicates an extremely negative sentiment, aligning perfectly with a 1-star rating according to the guidelines.",True,,Great food can be found anywhere. Great service is one in a million these days. This place gets an A...,8.63134479522705
1,1.0,"The review is overwhelmingly negative, detailing repeated instances of overcharging, extremely poor service, and a general feeling of being ripped off. The customer explicitly states they would give zero stars if possible and will ""never go to Caddilac Ranch again,"" aligning perfectly with the ""extremely negative"" and ""worst"" categories for a 1-star rating.",True,,"First of all, if you go here, PLEASE PLEASE PLEASE make sure you check your bill when it comes!  hon...",4.537866115570068
1,,,False,"API error: 503 UNAVAILABLE. {'error': {'code': 503, 'message': 'The model is overloaded. Please try again later.', 'status': 'UNAVAILABLE'}}",Worst enchiladas EVER and decor from a 1980's attempt at a mexican restaurant.  Taco Bell is a step ...,1.2692208290100098
1,1.0,"The review expresses extreme negativity, stating the customer got 'very sick' from the food, implying foodborne illness. It also highlights a significant decline in quality and describes highly unprofessional behavior from an 'obviously drunk' employee. The sentiment is clearly 'terrible' and 'awful', aligning with a 1-star rating.",True,,"NOTE: This review concerns the Roberto's on Union Hills and 7th Ave. NOT the Roberto's in Anthem!


...",5.3772358894348145
1,1.0,"The review explicitly states the train noise was ""unbearable"" all night and morning, severely impacting the ability to sleep. Despite a reasonable price and an acceptable neighborhood, the core issue of noise makes the experience extremely negative, leading to strong recommendations like ""I wouldnt pick this one"" and ""Stay Elsewhere"".",True,,Im going to have to agree Whole heartedly. And i informed the manager of it as well. I picked this o...,6.007707834243774
1,1.0,"The review uses extremely negative language such as 'awful' to describe the pizza and calzones. The customer also explicitly states 'This is the second and last time we will frequent this location,' indicating complete dissatisfaction and a refusal to return, aligning perfectly with a 1-star rating.",True,,My brother also posted about our Mother's Day experience. These must be franchises because the Scott...,2.9082608222961426
1,1.0,"The review expresses extreme dissatisfaction, stating ""never go to this particular one again"" and ""do NOT recommend."" Key issues include burnt rice, disgusting soup, bland ingredients due to excessive water during cooking, and spoiled tofu and fowl-tasting meat, leading them to leave the meal unfinished. These strongly negative sentiments align with a 1-star rating.",True,,"I have been to a buffet like this before, but I will never go to this particular one again. 

The fo...",4.760414123535156
1,1.0,"The reviewer expresses extreme dissatisfaction, repeatedly stating the current restaurant is ""nothing, nothing, nothing like"" the original and the ""exact opposite"" of what it should be. The decor and food are explicitly called ""pretentious."" This language signifies an overwhelmingly negative experience and deep disappointment, aligning with a 1-star rating.",True,,"Needs a new name - now.  

The Pischke's of old had such a sad ending.  I appreciated McGrath's effo...",4.562865972518921
1,1.0,"The review uses extremely negative language such as ""Gross,"" ""always upset,"" and ""What a waste of money!"" This indicates a deeply unsatisfactory experience, aligning with the 1-star rating guidelines for 'Extremely negative' experiences.",True,,"Gross, plain and simple!  I'll crave some quick Chinese Food and then I'm always upset.  What a wast...",2.4763991832733154
1,,,False,"API error: 503 UNAVAILABLE. {'error': {'code': 503, 'message': 'The model is overloaded. Please try again later.', 'status': 'UNAVAILABLE'}}","Be VERY, VERY careful asking for a sandwich as a wrap. I ordered a ham and cheese make your own sand...",1.676062822341919
1,1.0,"The reviewer explicitly states they are upset to even give one star, indicating an extremely negative experience. They detail severe issues including abysmal service due to a waiter leaving mid-service, unsatisfactory food quality, feeling overpriced, and a strong belief that both staff and management lacked care. The language used, such as ""beyond a bad dinner"" and ""worst part,"" firmly places this review in the 1-star category.",True,,"Look it upsets me that you have to give even one star. 

I can read the other reviews and I have bee...",4.6392738819122314
1,,,False,"API error: 503 UNAVAILABLE. {'error': {'code': 503, 'message': 'The model is overloaded. Please try again later.', 'status': 'UNAVAILABLE'}}","New N. Scottsdale location, Baaaaaaad!  The were 10 staff members milling around and there was no ma...",1.1123480796813965
1,1.0,"The review uses strong negative language such as ""Terrible service,"" describes the phone screen breaking within two weeks without misuse, and mentions the refusal of the ""owner"" to honor their warranty. These factors, combined with the red flag of cash-only payments, indicate an extremely negative experience.",True,,Terrible service--they replaced my phone screen and it broke within 2 wks. Phone was not dropped or ...,3.4546918869018555
1,1.0,"The review is overwhelmingly negative, describing the service as 'mediocre at best' and 'scattered and unfocused', leading to long wait times. The food received harsh criticism: a 'bland' hamburger that was 'overcooked and dry' outside the center, 'soggy' fries, and 'average' fritters. The reviewer felt the 'coal oven' added nothing and that the value for money was poor. Phrases like 'not good', 'gave up on ordering', 'absolutely zero' contribution, and 'wasn't perfect' for the price clearly indicate an extremely disappointing experience, aligning with a 1-star rating.",True,,"Maybe I ate at a different restaurant than the other people, or once they got through the ""soft open...",3.13728404045105
1,,,False,"API error: 503 UNAVAILABLE. {'error': {'code': 503, 'message': 'The model is overloaded. Please try again later.', 'status': 'UNAVAILABLE'}}",One stop has one goal and that is to get the $80. diagnosis fee and split.  Francisco told me i need...,1.776442050933838
1,1.0,"The review uses extremely negative language like ""greasy old beef,"" ""YUK!,"" ""didn't have that good Italian beef flavor,"" and ""very oily too."" The customer explicitly states ""No stars for that beef"" and implies the food caused sickness, which signifies a terrible and unacceptable experience.",True,,"Maybe I should have had a hot dog but I crave Chicago's Italian beef,  I didn't get it here just som...",5.119657039642334
1,2.0,"Despite acknowledging a cute place, friendly staff, and good salsa, the review is overwhelmingly negative about the food quality and value. The reviewer found the tacos bland, lacked cheese, had stingy toppings, and were served with a cheap side salad instead of traditional rice and beans. Feeling ""ripped off"" by the price and portion sizes, and frustrated by an extra charge for chips, the experience was disappointing, leading to a firm decision not to return. The strong negative opening phrase also supports a low rating.",True,,"Mucho Gusto es mucho mierda. 

Let me say first, that the place is cute, the staff is friendly, and ...",6.438827037811279
1,,,False,"API error: 503 UNAVAILABLE. {'error': {'code': 503, 'message': 'The model is overloaded. Please try again later.', 'status': 'UNAVAILABLE'}}",I signed up for Yelp just because of the poor service and being cheated out of money from Cafe Rio. ...,8.698249101638794
1,1.0,"The customer expressed extreme disappointment with the brown, yellow, and nasty lettuce in their salad. They regretted their purchase and explicitly stated they 'won't be returning here,' indicating a highly negative experience fitting a 1-star rating.",True,,I work right across the street and a few of us went here for lunch one afternoon. I ordered a salad ...,3.173443078994751
1,1.0,"The review is overwhelmingly negative, explicitly advising others to ""stay far, far, away"" from the tuna sandwich. The customer describes it as ""cold, barely-recognizable-as-food"" and states a preference for eating tuna directly from a can, indicating an extremely poor and disappointing experience that aligns with a 1-star rating.",True,,I wish I could review the cold food stand attached to this restaurant separately because I want to t...,3.9041852951049805
1,1.0,"The review indicates an extremely negative experience primarily due to exceptionally poor service, including a 35-minute wait for simple sandwiches, staff ignoring customers, and a feeling of being ""totally disgusted"" and ""worthless"". The ""food okay"" comment is heavily overshadowed by the overwhelming negativity regarding service and value.",True,,Went there first thing thing this morning. Ordered 2 simple sandwiches. Took over 35 minutes to make...,5.31554388999939
1,1.0,"The review is overwhelmingly negative, describing multiple instances of poor food quality (hard bun, rubbery tenders, bad lettuce/tomatoes, onion in burrito) and misleading advertising ('bait and switch'). The customer explicitly states 'never, never again,' indicating extreme dissatisfaction.",True,,This place is the classic bait and switch joint.  I ordered through the drive-thru and told the pers...,4.148813247680664
1,1.0,"Despite the water park itself being described as 'OK', the review details an extremely negative and costly experience due to the theft of catalytic converters from the parking lot in broad daylight. The complete lack of security, management's alleged indifference, and the reported frequency of such incidents by local police create a severe safety and financial risk for customers, warranting the lowest possible rating.",True,,"Water park is OK.  However, the parking lot has ZERO security.  No security patrols, no cameras.  My...",7.45329213142395
1,,,False,"API error: 503 UNAVAILABLE. {'error': {'code': 503, 'message': 'The model is overloaded. Please try again later.', 'status': 'UNAVAILABLE'}}","There was hair in the food. Not just 1 but 2 in the same Bhel Puri dish.

The whole experience was p...",4.793550968170166
1,1.0,"The review describes an extremely negative experience, specifically a 'rotten chicken tamale' that was 'stinky', implying a severe food safety and quality issue. The staff's lack of concern and dismissal of the problem further exacerbates the negative impression. The phrase 'Rosita's Place is off limits for me now' clearly indicates extreme dissatisfaction and a strong intention not to return, aligning with a 1-star rating for an 'awful' or 'terrible' experience.",True,,"We've been going here for 25 years and I had my first BAD meal recently. A rotten chicken tamale, th...",4.062187671661377
1,1.0,"The review expresses an overwhelmingly negative experience, citing severe issues such as burnt fingers, a dirty and messy environment, unprofessional and rude behavior from the technician (personal questions, phone call on speaker), and extremely poor customer service. The explicit statement ""I would never ever go back there"" clearly indicates an extremely negative sentiment, aligning with a 1-star rating.",True,,I got my nails done there last Thursday for the first and last time. I would never ever go back ther...,4.405678987503052
1,1.0,"The reviewer describes an incredibly rude and dismissive interaction with the business owner, who refused to even listen to their request and repeatedly told them to ""go somewhere else."" This extremely negative initial encounter led the customer to vow never to visit the business, indicating a complete failure in customer service and a terrible first impression.",True,,I called The Town Dump to ask if I could come in this week and interview them for an English paper a...,3.642206907272339
1,,,False,"API error: 503 UNAVAILABLE. {'error': {'code': 503, 'message': 'The model is overloaded. Please try again later.', 'status': 'UNAVAILABLE'}}",Wow?!  Is this the new Barcelona?!  Yuck!  Old scuzy men and middle aged women with fake boobs that ...,4.992364168167114
1,1.0,"The review highlights numerous severe issues including absent management, unprofessional staff (no name tags), inadequate labeling leading to a health code violation, and the customer being rudely scolded. The conclusive statement 'will not spend one more dime here' signifies an extremely negative experience and complete dissatisfaction, aligning with a 1-star rating.",True,,I don't get it. This place is crazy busy with no Manager in sight and in hiding during the busy dinn...,3.2260541915893555
1,,,False,"API error: 503 UNAVAILABLE. {'error': {'code': 503, 'message': 'The model is overloaded. Please try again later.', 'status': 'UNAVAILABLE'}}","Not recommended if you're not white. For me, it's the third time somebody threw out racial slurs at ...",2.5453951358795166
1,1.0,"The customer's cat came home with a new hematoma after the spay event, which was not present before. This indicates a significant negative outcome and injury to the pet while under care. The customer expresses strong anger and dissatisfaction with the service and the subsequent lack of resolution, classifying it as an extremely negative experience.",True,,I took my kitty to the Beat the Heat low cost spay event and she came home with a hematoma in her ea...,6.841692209243774
1,1.0,"The review details numerous extremely negative experiences, including rude staff, incorrect change, aggressive ticket handling, terrible food (cough syrup-tasting butter), a dirty theater, disruptive environment, and an unhelpful, threatening manager. The customer explicitly states it was a 'complete waste of time and money' and recommends everyone 'stay away', aligning perfectly with a 1-star rating.",True,,Was in town for a business meeting and tried to catch a movie with a friend. First impression of the...,3.5696141719818115
1,1.0,"The review explicitly states 'The absolute worse service I've encountered' and 'service is so poor I am disappointed'. Despite the food being 'excellent' and 'great', the customer experienced multiple instances of being ignored, long waits, incorrect orders, and dismissive management, leading to a strong declaration of 'will not go back'. The overwhelming negativity towards service and management, despite good food, aligns with a 1-star rating.",True,,"The absolute worse service I've encountered. My boyfriend, son and I sat at a tepan table, we were i...",3.3984551429748535
1,1.0,"The reviewer explicitly states they would give 1.2 stars and round down, emphatically declaring ""Oh lord don't ever make me go back."" The review is filled with extremely negative sentiment, criticizing the bar's atmosphere, implied homophobia, music selection, and clientele. The only positive note is attributed to the reviewer's own positive disposition, not the bar's quality.",True,,Ok..I told Amanda that anyplace that serves beer would have a tough time getting less than 2 stars f...,4.261868000030518
2,,,False,"API error: 503 UNAVAILABLE. {'error': {'code': 503, 'message': 'The model is overloaded. Please try again later.', 'status': 'UNAVAILABLE'}}","Its was just OK!
Liked the fresh jalapenos option, fries hardly had seasoning, was a bit pricey, but...",2.146902084350586
2,,,False,"API error: 503 UNAVAILABLE. {'error': {'code': 503, 'message': 'The model is overloaded. Please try again later.', 'status': 'UNAVAILABLE'}}",I am new to the Phoenix area and was in the mood for someone else to cook my breakfast for a change ...,10.976815223693848
2,2.0,"The reviewer found the guacamole and salsa ""not very good at all,"" indicating a strong negative impression of key items. Although the ""rest of the food was just okay,"" the overall sentiment was disappointment, as the reviewer ""expected so much better."" This combination of specific negative points and general disappointment aligns with a mostly negative experience, warranting a 2-star rating.",True,,"I've always said if the guacamole, chips and salsa aren't good, the food is not likely to be good ei...",3.7372758388519287
2,3.0,"The review presents a mixed experience. The burger, a core item, was described as tasteless with a weird texture, a significant negative. However, the fries were considered decent, and the signature Rootbeer was praised as delicious. The reviewer's willingness to return for another visit suggests the experience was not entirely negative, placing it in the average or neutral category.",True,,The burger I had there was tasteless and had a weird texture. The fries were decent and their signat...,5.606774091720581
2,1.0,"Despite the food being good after manager intervention, the initial experience was overwhelmingly negative. The wait was excessive, the initial waiter was extremely rude, and the drinks were subpar. The customer's explicit statement ""This 2 stars is extremely generous"" and ""Don't think I'd ever go there again"" strongly indicate a 1-star experience, as the terrible service overshadowed any positive aspects of the food.",True,,"This 2 stars is extremely generous. Wanna know why? Read on.

My party of 7 and a baby got to Pappad...",6.741618871688843
2,1.0,"The review is overwhelmingly negative, citing multiple issues such as overpricing, small portions, low-quality meat, slow service, and sterile decor. All aspects mentioned contribute to an extremely poor experience.",True,,I believe this place is over-hyped.  the menu is overpriced.  the portions are small.  the meat is l...,2.609130859375
2,1.0,"The review expresses strong dissatisfaction, explicitly stating 'I won't be coming back' and calling the restaurant 'one of the lower quality'. Key issues include small portions and, most significantly, a missing advertised ingredient (shrimp) in the Pad Thai, leading to the use of strong negative language ('Cheap bastards'). Although one curry was 'good', the overwhelming sentiment and critical flaws warrant an extremely low rating.",True,,I've been here twice for lunch. It's okay but I won't be coming back. The portions are small. I had ...,5.304089069366455
2,2.0,"The reviewer explicitly states a rating of ""2.5, just not enough to give it three"". This aligns with the feedback of 'just OK' food, running out of a key item like ahi tuna early, and inconveniently early closing hours. While happy hour specials were positive, they were outweighed by the other significant drawbacks.",True,,"2.5, just not enough to give it three. 

Food was just OK and they ran out of ahi tuna by 9pm! 

The...",4.248057842254639
2,1.0,"The review expresses profound disappointment, describing the bar as ""soulless,"" ""failing epically,"" and ""not genuine."" The comparison to Coldplay, perceived as ""middling boring,"" reinforces an extremely negative perception, leading to a strong recommendation to avoid the establishment, indicating a terrible experience.",True,,"Talk about disappointed.  I had high hopes for this place, what with its location and idiosyncratic ...",4.229963064193726
2,2.0,"The review describes a very negative and alienating atmosphere, with strong critiques of the clientele (""Hooterville,"" ""fake world""). While the food items like the Buffalo Chicken sandwich were praised for being ""super hot and tasty"" and having ""southwestern flare,"" the overwhelmingly negative social environment significantly detracts from the overall experience, leading to a mostly negative sentiment despite good food.",True,,"When I walked through the swinging doors around noon on a Sunday, I walked into Hooterville.  Think ...",7.929077863693237
2,1.0,"The review describes an overwhelmingly negative dining experience, with food consistently rated as ""bland and lackluster,"" ""flavorless,"" ""disgusting,"" and having an ""off-putting texture."" Key issues included incredibly long waits, ingredient unavailability (""out of bread""), and inconsistent drink quality. The customer's statement about their ""tastebuds reeling in horror"" and decision not to return clearly indicates an extremely poor experience, aligning with a 1-star rating.",True,,Bland and lackluster food that is not worth the price or the wait to get it.  We had lunch at Nouris...,5.9559948444366455
2,2.0,"The review explicitly states the experience warrants a 2-star rating, noting ""less than mediocre food and terrible service."" While the bar experience and appetizer were positive, the main course dishes were described as ""so not good"" and ""all wrong."" The reviewer felt ""sad and disappointed"" and ""devastated"" by the overall dinner, indicating a predominantly negative dining experience with significant issues in both food quality and service, despite a desire to potentially try it again in the future.",True,,Oh Man. This is not the place I imagined I would assign my first 2-star rating. I woke up as sad and...,6.781229019165039
2,1.0,"Despite praise for Kim's service, the overall experience is rendered ""stressful and not worth going"" due to the receptionist's forceful sharing of ""sexist and crazy views"" and constant talking. This negative impact is so severe that it overrides any positive aspects, leading the customer to decide against returning, aligning with an extremely negative overall sentiment.",True,,I've been to Jade spirit a few times and Kim really does a great job and he has helped me a great de...,15.378396034240723
2,1.0,"The review highlights severe and consistent neglect of the dining room, requiring patrons to clear dirty tables themselves. Significant hygiene concerns regarding unrefrigerated salsa bottles are also raised. The cumulative negative experiences, mentioned across multiple visits, lead the reviewer to strongly recommend alternative establishments, indicating extreme dissatisfaction and a very poor overall experience.",True,,Hire a busboy! I had to say it. I had to take these pictures. This is my _third_ visit since my May ...,6.126627206802368
2,2.0,"While the food was tasty and the ambiance nice, the experience was significantly marred by service issues, including a missed drink order and an undisclosed upcharge for anchovies. Most critically, the observation of a staff member going from the bathroom stall directly to the kitchen without washing hands presents a serious hygiene concern, making the overall dining experience disappointing and concerning.",True,,"We had a mixed experience at Happy Hour (HH) and dinner.  Quick summary follows.  

Hits:

+ Food wa...",4.648085594177246
2,1.0,"The review expresses extreme dissatisfaction, highlighting a severely limited menu, bland pita chips, overly tangy potato salad, and a complete lack of Greek authenticity, consistent with a 1-star rating.",True,,I don't know how this place stays in business. The menu is so limited. Would you like chicken or chi...,3.4329588413238525
2,1.0,"The review expresses extreme disappointment with the overall experience, citing poor service, dry chicken, unprofessional staff behavior, and an inattentive manager. Despite the salad and soup being good, the cumulative negative factors and the explicit statement ""Will not return"" indicate a terrible experience, aligning with a 1-star rating.",True,,The latest Consumer Report magazine gave this restuarant  a higher point value that Houstons.   We d...,3.5824828147888184
2,2.0,"While the food, particularly the biryani and naan, was praised for being ""great"" and ""really good,"" the overall dining experience was heavily negatively impacted. The interior was described as ""chintzy"" with water-stained panels, and the service from the ""surly aunty type"" was consistently poor, marked by lack of greeting, nonverbal displeasure, and no gratitude. Additionally, the entertainment on the TV was deemed ""ugly"" and nonsensical. The combination of very poor ambiance and service significantly outweighed the good food, resulting in a mostly negative and disappointing experience.",True,,"I'm going to break this down to explain my two stars. Here we go.

THE GOOD: 
* Great Sindhi biryani...",8.108104944229126
2,2.0,"The customer expressed strong admiration for REI's merchandise and other staff, even calling the store 5-star for its offerings. However, a highly negative and persistent interaction with a single sales clerk regarding a loyalty club membership severely soured their experience. This poor customer service interaction led the customer to explicitly state the rating ""has gotta be a 2 for that,"" outweighing the positive aspects of the store and products.",True,,REI.. I love you .. what and who did you hire??!!! BECAUSE you are such a 5star.. you rock.. you hav...,4.771345138549805
2,2.0,"The review highlights a significant decline in property management, service, and increasing costs, leading to a mostly negative experience. However, the excellent and responsive maintenance staff is explicitly mentioned as the sole reason for not assigning a one-star rating, indicating it's not 'extremely negative' but rather 'mostly negative' overall.",True,,"I've lived at Mark Taylor properties for about five or six years now and I have to say, they have de...",5.869120121002197
2,2.0,"The review is overwhelmingly negative, using strong terms like ""GHETTO!"", ""scarred!"", and complaining about passenger hygiene (""people stink""). There are also concerns about safety and personal belongings. However, the reviewer explicitly states they are giving 2 stars instead of 1 due to the bus arriving on time for both trips and one driver being ""very cool and funny,"" indicating a slight positive mitigating the severe negatives.",True,,"One word sums this place up. GHETTO! The other reviews were right on the money. I'm not gonna lie, I...",6.327034950256348
2,1.0,"The review describes an extremely negative experience from start to finish, highlighting severe service issues like incompetent staff attempting to overcharge significantly, combined with poor product quality (dry cupcakes) and limited selection. The language used, such as ""beyond depressing,"" ""dingbat,"" ""testing my patience,"" and ""dryer than a popcorn fart,"" clearly indicates an abysmal customer experience.",True,,"You would think with the economy being what it is today, it would be easy for any establishment to h...",5.284029960632324
2,2.0,"The review expresses significant disappointment with recent changes, including slow service, an incompetent buyer trainee who undervalued items, and an off-putting staff attitude. Despite past loyalty and one positive staff interaction, the overall experience was overwhelmingly negative, leading the customer to decide to take their business elsewhere. This aligns with a 'mostly negative' rating.",True,,"I used to be an avid shopper/seller at Buffalo Exchange. As I work at a boutique, it was nice that I...",3.6470837593078613
2,3.0,"The customer found the food to be ""ok, nothing special"" and overpriced with limited variety, indicating a somewhat negative experience regarding the product itself. However, positive comments about the nice staff and clean environment, combined with the surprising statement ""I do think I will eat there again"", balance the review, suggesting a neutral or mixed overall impression despite the food criticisms.",True,,"I have driven past this place a million times and never stopped, so today I did.
I basically was in ...",6.979360103607178
2,,,False,"API error: 503 UNAVAILABLE. {'error': {'code': 503, 'message': 'The model is overloaded. Please try again later.', 'status': 'UNAVAILABLE'}}",Yet another disappointing sushi restaurant in the desert. My date and I went here for their late hap...,1.0337469577789307
2,2.0,"The customer was 'not impressed with the food and the quality' and explicitly stated they 'will not be back', indicating a strongly negative and disappointing experience. They feel there are 'better places to dine', which points to significant dissatisfaction rather than a neutral or slightly negative one, aligning with a 2-star rating.",True,,Went to this place with family for a birthday party and tried various items from the menu.  Wasn't i...,5.789193868637085
2,2.0,"The review strongly criticizes the green chili mac & cheese as ""horrible"" and ""grainy and gritty,"" expressing ""immediate regret."" Although the pulled pork sandwich and hot BBQ were described as ""pretty darn good,"" the overall sentiment leans negative as the reviewer would only consider Andrew's as a backup option if ""hard up,"" indicating a generally disappointing experience despite some positive elements. This aligns with a mostly negative rating.",True,,After reading all the raves about the green chili mac & cheese it was a must have - and then immedia...,4.699291944503784
2,1.0,"The review is overwhelmingly negative, using strong words like ""awful food,"" ""sorely disappointed,"" and describing dishes as ""greyish"" with a ""fishy sea salt"" taste, ""palor yellow"" and ""YICK,"" and a ribeye ""squallored by a heavy Saltiness."" Despite minor positives for service and atmosphere, the food experience was catastrophic, leading the customer to declare it their ""FIRST (and last) visit"" and sign off as ""NeverToStepFoot-InsideTheRoadhouseAgain."" This aligns perfectly with a 1-star ""extremely negative"" rating.",True,,"Ok so I get the peanut thing, wood accented atmosphere, good service (although rather ""in your face""...",4.762603998184204
2,2.0,"The reviewer acknowledges some positive aspects like the happy hour deal and the open atmosphere, but immediately qualifies them with significant drawbacks such as overcrowding and limited seating. The ""Bad"" section details major frustrations with parking and high prices, stating they could have a superior experience at home for a fraction of the cost and without the inconveniences. The numerous negative points and poor value proposition outweigh the initial, qualified positives, indicating a mostly negative experience.",True,,Good = Happy hour is a great deal but it's always PACKED. The open atmosphere is awesome in the spri...,6.670943021774292
2,,,False,"API error: 503 UNAVAILABLE. {'error': {'code': 503, 'message': 'The model is overloaded. Please try again later.', 'status': 'UNAVAILABLE'}}","Yes, I've had better.

The chai lattes are pretty good, but not worth $4.50 for a large(which was a ...",2.0115578174591064
2,2.0,"The review details an overwhelmingly negative experience, citing rude phone service, slow cashier lines, incorrect billing, and universally disappointing food described as 'blah,' 'dry,' 'tasteless,' or even 'like dirt.' The dining environment was also criticized for flies and an inconvenient outdoor condiment station. The customer felt 'ripped off' and vowed 'never to return.' The only reason the rating isn't 1 star is the reviewer's stated appreciation for the 'farm fresh concept,' indicating a mostly negative sentiment with no redeeming experiential qualities.",True,,"I don't get it!!
My husband, daughter and I went to eat at Joe's because we saw a menu in the Hotel ...",12.076644897460938
2,2.0,"The review expresses significant disappointment with multiple aspects, primarily the food quality (gristly chicken, greasy cheese, disintegrating crust, poor ingredient distribution) and the unbalanced caprese salad. The service was also noted as disengaged once dissatisfaction was sensed. While the atmosphere is praised, the core dining experience was described as 'so disappointing', indicating a mostly negative experience that aligns with a 2-star rating.",True,,"Bleh. 

I have been anxiously awaiting the opening of this spot, since I frequent the other spots on...",4.4014573097229
2,3.0,"The review highlights strong positives regarding the bar's aesthetics and excellent cocktails, along with the restaurant's great concept and classy appearance. However, it expresses significant disappointment that the food menu, serving only 'decent' pizzas, does not align with the upscale ambiance and location. This creates a mixed experience, feeling like the establishment is 'confused' about its identity, thus meriting a neutral rating.",True,,Let me say this: the bar at Hanny's is one of the best looking bars in Phoenix. This square-shaped s...,4.629613876342773
2,,,False,"API error: 503 UNAVAILABLE. {'error': {'code': 503, 'message': 'The model is overloaded. Please try again later.', 'status': 'UNAVAILABLE'}}","Meh.  Service was friendly, and the atmosphere is bright and festive, but it's pretty Americanized M...",8.573530673980713
2,1.0,"The review highlights numerous significant issues including an uncomfortably small room for the group size, outdated song selections, mediocre food, and improperly cooked complimentary items like hard edamame. The overall atmosphere was also described negatively due to other patrons, and despite sweet servers, drink and bill errors occurred. The reviewer explicitly states, ""Had we known, we would not have gone there,"" indicating an extremely negative experience aligning with a 1-star rating.",True,,My friends and I got a 10-person karaoke room and ordered food while we sang. The room is SMALL --in...,4.424551725387573
2,1.0,"The reviewer explicitly states being ""underwhelmed"" twice and describes the service on the second visit as ""horrible."" They were ""not impressed with the food,"" citing raw onions in everything as a major issue. The definitive statement ""I will not be back!"" indicates an extremely negative experience, aligning with a 1-star rating.",True,,I have been to Las Glorias twice with people from work.  Both times I was underwhelmed.  The first t...,3.6159820556640625
2,2.0,"Despite friendly staff and delicious pancakes, the experience was largely negative due to extremely slow service and multiple order errors. The customer received the wrong dish twice, leading to significant delays that consumed almost all their allotted time. This resulted in a frustrating and disappointing visit, making it difficult to fully enjoy the food.",True,,Came here one morning a couple of weeks ago.  Had about 50 minutes alloted before my Mayo clinic app...,7.358672142028809
2,,,False,"API error: 503 UNAVAILABLE. {'error': {'code': 503, 'message': 'The model is overloaded. Please try again later.', 'status': 'UNAVAILABLE'}}","Margaritas were good, tacos were fair (small), guacamole was wonderful. after ten it gets really lou...",2.9402079582214355
2,1.0,"The customer expressed significant disappointment with both the salad, described as pre-shredded and not fresh, and the pizza, which was only 'just ok' and led to the comment 'I've had much better'. Strong negative phrases like 'not impressed at all', 'very sad and disappointed', and the explicit declaration 'unfortunately I will not be going back' clearly indicate an extremely poor overall experience, aligning with a 1-star rating for 'terrible' or 'never again' experiences based on the provided guidelines.",True,,I had been wanting to try Sal's for quite a while but never got around to it.  Until today!  I got a...,4.898591041564941
2,2.0,"The review describes a highly negative experience due to extremely poor customer service from an employee with a bad attitude and a sub-par food preparation. The customer explicitly states ""Two stars... lucky it isn't one,"" indicating a mostly negative experience that just avoids the lowest possible rating, aligning with the 2-star guideline for ""mostly negative"" and ""disappointing.""",True,,"Stopped by one night late, only one guy working, probably the manager/owner based on him being on th...",3.7630419731140137
3,,,False,"API error: 503 UNAVAILABLE. {'error': {'code': 503, 'message': 'The model is overloaded. Please try again later.', 'status': 'UNAVAILABLE'}}",I think the lady behind the counter didn't like me.  Could've just been me.  I don't know.  It's jus...,2.5471951961517334
3,2.0,"While the early bird special offers an excellent price and the koi pond adds a nice ambiance, the core issue of the food being ""very bland and flavorless"" is a major drawback. The need to add soy sauce just to give the dish flavor indicates a disappointing culinary experience, overshadowing the positives.",True,,"Inexpensive for the early bird special.  $5.55 for the combination plates that include egg roll, sou...",3.9874510765075684
3,2.0,"While the customer praised the atmosphere and great customer service, the core issue of the NY strip steak not being worth the price and sides being separate significantly detracted from the experience. The concluding statement, ""I don't think I will be eating here again,"" indicates an overall negative outcome despite some positive elements, aligning with a mostly negative or disappointing rating.",True,,"Love the atmosphere and how trendy rhus place is, reminds me of Nip/tuck kinda, the way they have it...",4.542052984237671
3,3.0,"The reviewer appreciates the unique concept and location, describing it as a ""welcome find."" However, the food experience is mixed to negative, with the Baja Bowl being ""OK"" but having dry, flavorless chicken. While the Thai wrap had better flavor, the chicken was still unimpressive. A significant detractor is the use of styrofoam cups, which contradicts their ""Healthy Food for a Hungry Planet"" slogan. The reviewer explicitly states, ""For that reason and the bland chicken, I give them an average rating only,"" aligning perfectly with a 3-star assessment for a mixed/neutral experience.",True,,Its refreshing to find one-of-a-kind places -- God knows Phoenix needs more of them to inject person...,4.6139819622039795
3,3.0,"The reviewer praised the cinema for its independent film selection and wise choices, which is a significant positive. However, they expressed strong disappointment with the demographic of other patrons, calling it a 'disappointment'. This creates a mixed review where the positive aspects of the film programming are balanced by a clear negative sentiment regarding the social atmosphere.",True,,Good to know they still have independent films and they chose wisely what to play. Unfortunately thi...,5.626866817474365
3,3.0,"The review details an extremely negative and off-putting encounter with a staff member, which caused the party to leave without ordering. This aspect alone would suggest a much lower rating. However, the customer explicitly states they are giving 3 stars, citing previous positive experiences with the products being 'good, not great' and appreciating the local, adorable charm of the business. This indicates a mixed sentiment where the very poor service on one occasion is balanced by past product satisfaction and local appeal, leading to a neutral overall rating as stated by the reviewer.",True,,All I'm saying is they need to do a better job at hiring their staff. The girl that helped us out la...,5.359102964401245
3,2.0,"The reviewer expresses significant dissatisfaction, stating ""I am not happy with Sprinkles"" and ""I will not be back. I don't like you."" Both cupcakes were disappointing; the red velvet lacked key flavors, had a crown that popped off, and stale frosting, while the peanut butter chocolate was dense, lacked sweetness in the cake, and was described as ""just okay."" The reviewer's experience was mostly negative, marred by several specific product flaws and an overall feeling of disappointment, despite some occasional neutral phrasing.",True,,"I am not happy with Sprinkles, but I can't really subtract stars because I make better cupcakes than...",12.92530107498169
3,4.0,"The review describes the food as ""pretty good"" and the customer stated they ""would go back,"" indicating a positive overall experience. However, it also noted that ""nothing overly stood out"" and mentioned a minor issue with the cashier, suggesting it was good but not exceptional.",True,,"Had a coupon so decided to have lunch at Wildflower. The food was pretty good, similar to other spec...",3.52148699760437
3,3.0,"The review uses terms like ""average"" and ""just ok"" for the overall experience and one dish, despite one item being ""good"". The primary goal of finding good New Mexican food was not met, indicating a neutral or mixed experience rather than a strongly positive one.",True,,We were still on a search for New Mexican food and I read up on this place and it was also recommend...,3.978985071182251
3,3.0,"The review expresses a mixed experience. While the reviewer greatly enjoyed the band, the crowd, and the friendly staff, significant negatives like the venue being too small, minimal parking, a super small dance floor, and poor lighting led to a 'on the fence' feeling and uncertainty about returning. The balance of strong positives with significant negatives points to a neutral/mixed rating.",True,,Funny story about my experience at this place. My Classmate mentioned she loves this place for other...,5.207719087600708
3,4.0,"The review highlights a nicer environment and friendly service, with generally good food. While the protein pancakes had a nice flavor, the texture was not ideal for the reviewer. This suggests a positive experience with a minor, specific issue, aligning with a 4-star rating.",True,,U.S. Egg is situated directly across the street from Denny's.  A nicer and classier environment than...,4.525041103363037
3,2.0,"The reviewer had a positive experience browsing the store's selection, describing it as 'fun to shop around'. However, their attempt to sell books was extremely negative, labeled a 'total rip off' and a 'waste of time', leading them to declare they 'would never do that again' and are 'not sure if I will be returning anytime soon'. The strong negative transactional experience heavily outweighs the mild positive browsing experience, resulting in a mostly negative overall rating.",True,,I've been to Bookman's a few times and have mixed feelings about it. If you're going just to look ar...,5.346170902252197
3,4.0,"The customer uses positive language like ""Pretty good deli sandwich"" and ""Love the selection of things to buy,"" indicating a positive overall experience. However, the mention of ""a hassle for parking"" is a clear minor issue, which aligns perfectly with a 4-star rating.",True,,Pretty good deli sandwich but a hassle for parking. Love the selection of things to buy sorta like a...,3.0746259689331055
3,2.0,"The review highlights 'great food' which is a significant positive. However, it is heavily counteracted by 'bad service' and a critical communication barrier ('Does anyone speak English in here?'), which points to a frustrating and disappointing overall experience. The service issues are severe enough to pull the rating down despite the good food.",True,,"Great food, bad service. Does anyone speak english in here?...",7.698130130767822
3,4.0,"The review uses positive descriptors like ""pretty cool little climb"" and ""pretty easy hike,"" indicating a generally good experience. While it notes ending up on a road for part of the way, this doesn't diminish the overall positive sentiment, aligning with a positive rating that isn't extremely enthusiastic.",True,,"About 1.6 miles roundtrip from the Maricopa Ramada.  Pretty cool little climb, but then you end up o...",4.6684370040893555
3,2.0,"The review is overwhelmingly negative, criticizing the food's lack of authenticity compared to genuine Asian cuisine, specific dishes like Kung Pao being dry, and previous experiences with tough or clumpy meat. The reviewer also finds the chopsticks dysfunctional and the 'family style' portions inconvenient for individual dining. While acknowledging it might be 'cleaner' fast food and 'probably better than most mom and pop Asian diners', these minor positives are heavily outweighed by the significant disappointments regarding food quality, authenticity, and dining experience. The tone is critical and expresses considerable dissatisfaction rather than extreme anger, fitting a 'mostly negative' rating.",True,,"Pei Wei is always busy, that's gotta mean something right? Wrong. There are restaurants that serve b...",10.19843316078186
3,4.0,"The review highlights 'excellent food' and 'top-notch service', which are strong indicators of a high-quality experience. However, the mention of it being 'exorbitantly priced' and 'not for budget minded diners' presents a significant negative concerning value and accessibility. This balances the exceptional quality with a major pricing concern, resulting in a positive rating with a notable caveat.",True,,"Excellent food, top-notch service, exorbitantly priced.  Not for budget minded diners......",8.388651132583618
3,3.0,"The review presents a mixed experience. While the food is praised for its authenticity and taste, and the reviewer considers it a 'good choice,' significant issues like inconsistent wait service and frequent 'out of foods' prevent a higher rating. The positive aspects are balanced by these recurring negative points, aligning with a neutral to slightly positive rating.",True,,"I've returned to this place 2 more times after my last review. Wait service was still inconsistent, ...",4.652719974517822
3,2.0,"The review expresses disappointment with phrases like ""don't understand the hype"" and ""nothing special,"" indicating the experience was underwhelming and not impressive. This aligns with a mostly negative rating.",True,,i don't understand the hype. it's very typical american chinese food. tried the bourbon chicken and ...,5.521485090255737
3,4.0,"The review highlights several positive aspects like perfectly cooked chicken and tofu, great spring rolls, and attractive menu displays. However, it also points out minor issues such as chewy noodles, a misleading spring roll picture, and specific recommendations to skip beef balls and add spice to the Thai noodle bowl. Overall, it's a positive experience with a few minor areas for improvement.",True,,"They have high definition pictures of their menu items proudly displayed on the walls, and I like th...",4.081691026687622
3,3.0,"The review repeatedly uses the word ""okay"" to describe the selection, cleanliness, and organization, indicating a neutral or average experience. While the staff was helpful, the overall sentiment aligns with a 3-star rating, signifying it's 'average' and the reviewer has 'been to better'.",True,,"This goodwill is Alright, I have been to better. Their selection is okay, cleanliness is okay and or...",4.828426837921143
3,2.0,"The customer expressed significant disappointment, especially given their high hopes for an authentic Chicago-style meal. While the hot dog was described as 'not that bad,' the fries 'weren't so good.' The beef sandwich was criticized for being 'TINY' and lacking authentic Chicago flavor, tasting more like a regular roast beef. Additionally, the giardiniera peppers were 'far from hot' and tasted pickled. These multiple negative points indicate a largely disappointing experience, fitting a 2-star rating.",True,,"Chicago style hot dog?!  Sign me up!  I just moved here from Chicago, and I've been dreaming of Port...",8.706769943237305
3,4.0,"The review indicates a significant negative regarding the food and drinks, describing them as ""blah."" However, it strongly praises the ""great"" service and highlights that happy hour and trivia are ""always fun."" The positive aspects of service and entertainment elevate the overall experience beyond merely average, making it a positive experience despite the mediocre food, aligning with a 4-star rating.",True,,"The food and drinks are blah, but the service is always great! Happy hour and trivia are always fun ...",7.488485097885132
3,3.0,"The review presents a mixed experience. While certain food items like the sauces and specific dishes were praised as ""pretty good"" or ""very good,"" the overall food quality was deemed ""average,"" with some elements like rice and salsa being ""just so-so"" or ""weak."" The service was consistently poor, described as ""never that good,"" inattentive, and included a misleading pricing incident. Despite these significant drawbacks, particularly with service, the reviewer appreciates the restaurant's consistency and considers it a ""safe place"" they would visit again, aligning with a neutral or average satisfaction rating.",True,,Eva's seems to be the place we go to every time we visit family in Casa Grande now.  It is a pretty ...,7.094825983047485
3,,,False,"API error: 503 UNAVAILABLE. {'error': {'code': 503, 'message': 'The model is overloaded. Please try again later.', 'status': 'UNAVAILABLE'}}",I'm always on the lookout for a morning coffee place  and decided to stop at the Coffee Bean. Since ...,1.37424898147583
3,5.0,"The reviewer explicitly retracts a previous negative review, stating that this place is ""definitely a great spot"" and strongly recommends the spicy chicken bowl. Although there's a minor point about watered-down Sriracha, it is immediately rationalized and does not detract from the overwhelmingly positive sentiment and enthusiastic recommendation, aligning with a 5-star rating.",True,,"After reading Lindsey's review, I had to think twice about my original review of this place. Yes, I ...",5.9925267696380615
3,3.0,"The review explicitly states ""I have nothing really bad to say, but nothing really great either,"" which indicates a neutral, average experience. While the staff were polite, there are no strong positive sentiments to warrant a higher rating, aligning perfectly with a 3-star assessment.",True,,"The people who are either stocking the shelves, cleaning the floors, or behind the counter have all ...",3.9354350566864014
3,3.0,"The review praises the food extensively, calling the jalapeno cheese burger 'perfect' and the fries 'really good,' indicating a strong positive for the culinary experience. However, it severely criticizes the location, stating it 'kind of sucks' due to its undesirable surroundings. This creates a balanced, mixed experience where excellent food is counteracted by a poor environment, leading to a neutral rating.",True,,"Food wise, this is my favorite Lenny's location. They make the perfect jalapeno cheese burger. The f...",3.9672751426696777
3,1.0,"Despite the service being 'good' and food 'alright', the high prices and the strong concluding statement 'Fine never going to again' clearly indicate an extremely negative overall experience, aligning with a 1-star rating.",True,,"The service we had was good, food was alright, the prices seemed high.  Just a sports bar.  

Fine n...",3.0807220935821533
3,5.0,"The review is overwhelmingly positive, using highly enthusiastic language like ""deeee-licious,"" ""loooooooooooove,"" ""genius!!!,"" ""adore,"" and ""fantastic."" While the reviewer notes it's pricey and has a 'trendy' vibe, they explicitly state that 'taste wins out' and praise the food, decor, ambiance, menu, waitstaff, and ingredients extensively. The minor criticisms are overshadowed by the strong endorsements.",True,,"the food here is deeee-licious. i like the decor, the ambiance, the menu, the waitstaff. however, i ...",5.383911848068237
3,3.0,"The reviewer raved about the food and found the experience enjoyable and adventurous, stating they would likely return for the cuisine. However, they explicitly stated they could not give a 4-star rating due to ""downright abysmal"" service, citing excessively long waits for seating, menus, and ordering. The strong positive for food is heavily counterbalanced by the severe negative for service, resulting in a mixed/neutral rating.",True,,"I reeeeaaalllyyyyy wish that I could give this a 4, but I can't do that in good conscience.  The foo...",4.513665199279785
3,2.0,"The review acknowledges a good menu but heavily criticizes the consistent lack of service quality, citing specific incidents like slopping water on customers. The noise level is also mentioned as a drawback. These significant service issues indicate a mostly negative and disappointing experience, despite the positive mention of the food.",True,,Changs has a good menu but this location still needs to work on their service.  Each time I have bee...,4.330333232879639
3,2.0,"The reviewer explicitly states they ""really should give it 2"" stars despite initially giving 3, suggesting a generous self-rating. While they found the food ""good"" and enjoyed the social aspect, key negative points like ""most of the food is VERY salty,"" the absence of low sodium soy sauce, and a limited selection that lacked preferred items indicate a largely disappointing experience, aligning with a 2-star rating.",True,,"Hello my fellow Arizonians.....

My review gets 3 stars but I really should give it 2... I am being ...",6.005576848983765
3,4.0,"The review indicates a generally positive experience, highlighting 'super nice staff', 'everything you need', and 'no wait for machines'. However, it mentions minor issues like the facility 'not the newest or nicest' and suggests improvements for the AC and TV channels, fitting a 4-star rating for 'positive with minor issues'.",True,,"Not the newest or the nicest but, everything you need and usually no wait for machines. The staff is...",3.8692188262939453
3,4.0,"The reviewer expressed a strong liking for the store and praised its 'awesome' and 'unexpected' international selection. However, significant issues were noted, including items often being close to expiration dates, shelves needing dusting and straightening (especially dishes), and an initial fish smell. These notable drawbacks prevent a perfect score but do not overshadow the overall positive impression of the unique product range.",True,,"On a recent visit to Arizona, my mother and I ventured into this store. Neither of us had stepped fo...",5.666315078735352
3,3.0,"The food is described as ""pretty decent,"" indicating a positive but not exceptional quality. However, the ""hit or miss"" staff friendliness suggests an inconsistent service experience, leading to a mixed overall impression. This balances out to a neutral or average rating.",True,,Pretty decent food. Friendliness of staff is hit or miss....,5.106207847595215
3,3.0,"The review explicitly states a 3-star rating, reflecting a mixed experience. The first visit was positive (4 stars) with good service and delicious food, while the second visit was disappointing (2 stars) due to inattentive service and cold, bland food. This combination of a good and a bad experience averages out to a neutral/mixed rating.",True,,"Been here 2 times.  Had I reviewed after my first visit, I would've given the place 4 stars.  The se...",5.021472692489624
3,5.0,"The review is overwhelmingly positive, highlighting the food as ""really good"" and ""pretty authentic."" The reviewer specifically praises the rice and beans, and expresses high satisfaction with the generous portions and excellent value for money, stating ""sooo much food"" for $5. All feedback points to an extremely positive and enthusiastic experience without any negatives.",True,,This is just like Filiberto's. Fast-food mexican food. It's really good and taste pretty authentic t...,4.519193887710571
3,2.0,"The review expresses strong dissatisfaction with the main product, the breaded wings, stating the customer 'can't stand' and 'can't deal with' them. While the sauces were good, this significant negative aspect dominates the experience. The positive mention of roast beef is for an untried item and does not offset the core complaint about the wings.",True,,"Wings in Buffalo aren't usually breaded. I can't stand breaded Buffalo wings. The sauces were good, ...",4.751611948013306
3,3.0,"The review uses phrases like ""not that great but not terrible"" and describes the food as ""what you can expect from airport food,"" indicating a distinctly average and neutral experience. While it serves a functional purpose for someone in a rush needing something cold, there are no positive descriptors for the quality or taste of the food itself, aligning with a 3-star rating.",True,,Well....it is what you can expect from airport food.  Not that great but not terrible.  All I wanted...,6.875669717788696
4,5.0,"The review is overwhelmingly positive, using phrases like 'Great Concept!', 'My girls love this place', 'pretty amazing!', 'great way to get your kids moving', 'Worth the money...great value...and fun', and 'A definite two thumbs up'. While it mentions minor issues with overcrowding and staff responsiveness, these do not diminish the overall enthusiastic recommendation and high satisfaction.",True,,"Great Concept!

My girls love this place. You have to really learn the schedule when the place is re...",6.890188694000244
4,5.0,"The review is overwhelmingly positive and enthusiastic, praising the unique and vibrant atmosphere (""absolutely nailed"", ""spectacle"", ""genius stuff"") and the ""killer Sunday brunch buffet"". While there was a minor wait for brunch, the reviewer dismissed it as acceptable, indicating a highly satisfying overall experience.",True,,"Man, if these guys were trying to replicate a gringo bar in Mexico down to every last detail, then t...",4.487571954727173
4,5.0,"The review is overwhelmingly positive, describing a delightful experience with excellent and efficient service from Matthew, well-prepared food, and a pleasant dining atmosphere. The reviewer expressed a strong desire to return, indicating complete satisfaction with no negative points whatsoever.",True,,"Lame joke alert :
Okay, I think I have switched over to Switch , I am finally making a switch to Swi...",4.550118923187256
4,4.0,"The reviewer highly praises the location, atmosphere, drink selection, and the delicious food, describing their main course as ""delicious"". Service was polite, but minor issues with timing, such as clearing plates prematurely and presenting the bill before dessert, slightly impacted an otherwise excellent dining experience. These are minor flaws in an otherwise very positive review, warranting a 4-star rating.",True,,Loved the location at atmosphere of this place!  Had a very nice business dinner here last night.  W...,4.9616029262542725
4,5.0,"The review is overwhelmingly positive, using phrases like ""so much fun!"", ""very patient and helpful staff"", ""perfectly safe"", ""very good time"", and ""amazing workout"". While there was a minor complaint about crowded beginner walls, it did not significantly detract from the highly positive overall experience, which included strong descriptors often associated with a 5-star rating.",True,,"This was a brand new experience for me, but so much fun!  The staff was very patient and helpful, an...",6.435213804244995
4,5.0,"The review expresses overwhelming love and enthusiasm for Macy's, consistently using phrases like 'love Macy's', 'so worth it', 'to die for' for specific departments, and 'great savings'. Despite minor neutral comments about the men's and shoe sections, the overall sentiment is extremely positive and highly enthusiastic, warranting a top rating.",True,,"I love Macy's! My mom & I can spend some serious dough here on just a few tops, but it's so worth it...",4.731272220611572
4,,,False,"API error: 503 UNAVAILABLE. {'error': {'code': 503, 'message': 'The model is overloaded. Please try again later.', 'status': 'UNAVAILABLE'}}",I only go to ihop for pancakes because I don't really like anything else on the menu. Ordered chocol...,2.333562135696411
4,5.0,"The review uses consistently enthusiastic and positive language such as ""Very good,"" ""really tasty,"" ""biggest pluses,"" and ""real show stealer."" It highlights multiple aspects of the meal as excellent, with no mention of any negatives or even minor issues, indicating an extremely satisfying experience that warrants a 5-star rating.",True,,Very good traditional breakfast spot. I stopped in just as they opened during the week to make sure ...,3.001131057739258
4,5.0,"The review is overwhelmingly positive, using enthusiastic language such as ""winner"" for the pizza, ""delish"" for the lasagna, and describing the bread as ""OMG!!"" and ""amazing!!"" The reviewer praised the generous toppings, fresh salads, refreshing iced tea, and exceptional service, calling the servers ""sweetheart"" and ""awesome."" The overall sentiment is extremely positive, indicating they ""will frequent"" the place, with no negative points or even minor issues mentioned.",True,,My daughter and I sort of stumbled on this place a couple of weeks ago.  We were at the Ulta just ar...,6.935457944869995
4,,,False,"API error: 503 UNAVAILABLE. {'error': {'code': 503, 'message': 'The model is overloaded. Please try again later.', 'status': 'UNAVAILABLE'}}",It was pretty good. But I dont know much about Indian food. It was better than the only other place ...,2.966815948486328
4,5.0,"The review is overwhelmingly positive, highlighting an enjoyable open-air experience with unique events, a good selection of shops, and appealing dining options. The repeated use of ""nice"" and ""pretty nice"", combined with the statement ""enjoy whatever is going on"", indicates a highly satisfactory and unreservedly positive impression without any mention of negatives or minor issues.",True,,"This is an open-air mall.  Unlike most malls which are totally enclosed, this mall is outdoors.  In ...",6.8781750202178955
4,3.0,"The review highlights ""amazing,"" ""healthy,"" and ""delicious"" food, indicating high quality. However, the overall experience is significantly brought down by a very loud environment and extremely uncomfortable chairs that made it difficult to stay long, leading to a strong negative sentiment regarding comfort and inclusivity. The excellent food is balanced by a poor dining atmosphere, resulting in a mixed overall impression.",True,,"The food here is amazing! So full of flavor, not fat. Healthy, and delicious!  Prices in the 10 rang...",11.358335018157959
4,5.0,"The review uses consistently enthusiastic and highly positive language throughout, describing the restaurant as a ""dining destination"" with ""delicious"" lager, ""most fantastic combination of dishes,"" and an ""excellent place"" overall. There are no negative or even neutral remarks, indicating a truly exceptional experience in terms of food, ambiance, and service.",True,,"For a taste of the exotic, the allure of eating without utensils, and a journey to Ethiopia...Lalibe...",4.3820600509643555
4,5.0,"The reviewer explicitly states they ""Had a great night!"" and implies consistent satisfaction by ordering items ""again"" with the sentiment ""if it ain't broke- don't order something else."" The description of fresh, high-quality seafood and a lively atmosphere, despite being busy, contributes to an overall extremely positive experience.",True,,"This place is busy, had live music in the bar, and the servers were trying to squeeze by.  The seafo...",5.6508870124816895
4,,,False,"API error: 503 UNAVAILABLE. {'error': {'code': 503, 'message': 'The model is overloaded. Please try again later.', 'status': 'UNAVAILABLE'}}",I can't stand 50's retro but this place is the cuteness. Well...I haven't technically been inside. N...,3.7169101238250732
4,5.0,"The review uses extremely positive and enthusiastic language such as ""super cute"", ""delicious"", ""love"", ""great place"", ""amazing"", and ""YUM!"". It expresses strong satisfaction with the food, concept, and overall experience, recommending it highly.",True,,This is a super cute restaurant with a simple yet delicious menu. They stick to basics which I love....,2.7336740493774414
4,5.0,"The review uses consistently positive language such as ""really nice"" and highlights ""outstanding service"" from staff. All aspects mentioned, from food and rooms to the poolside atmosphere and on-site amenities, received praise. The reviewer's strong intent to consider the Valley Ho for future events further indicates an extremely positive and highly satisfactory experience.",True,,I recently stayed at the Valley Ho for a conference being held on-site. My experience was really nic...,2.666210889816284
4,4.0,"The customer clearly enjoyed the frozen yogurt, describing it as ""really good"" with a ""rich and creamy"" peanut butter flavor and a ""wide array of toppings."" They concluded by saying it was ""very yummy and worth trying."" The only negative point was the price being ""a bit pricey,"" which is a minor issue that slightly detracts from an otherwise excellent experience.",True,,I tried this place on a recommendation of a friend. Their frozen yogurt is really good. The peanut b...,3.872847080230713
4,,,False,"API error: 503 UNAVAILABLE. {'error': {'code': 503, 'message': 'The model is overloaded. Please try again later.', 'status': 'UNAVAILABLE'}}",Bought a great pair of their 'eddie' ballet flats here on sale...deal. This store gives good...custo...,1.5605278015136719
4,5.0,"The review is overwhelmingly positive and enthusiastic, highlighting great shopping, excellent dining options, an inclusive atmosphere, and an impeccably clean environment. Phrases like ""Great shopping,"" ""love the valet area,"" ""damnn good slab of steak,"" and ""impeccably clean, very inviting, and fun to shop"" clearly indicate a highly satisfied customer experience, aligning perfectly with a 5-star rating.",True,,"Great shopping. Even better people watching! Here you can shop stores ranging from H&M and Pac Sun, ...",3.9953479766845703
4,5.0,"The review uses extremely positive language like ""one of the best sundaes I have ever had"" and provides a strong recommendation for chocolate fans. Additionally, it praises the friendly and helpful staff, indicating an overall excellent experience.",True,,Stop by today for California Burger and I also their chocolate brownie delight sundae.  It is probab...,2.456069231033325
4,5.0,"The review is overwhelmingly positive and enthusiastic about both the food and drinks. The reviewer uses strong positive language like ""fave,"" ""delicious fries,"" ""food is solid,"" and for drinks, concludes with ""life is perfect."" There are absolutely no negative or neutral comments, indicating an excellent experience.",True,,"Okay before I get into the drinks, I'll start with the food.  My fave is the peppered turkey avocado...",4.249079942703247
4,,,False,"API error: 503 UNAVAILABLE. {'error': {'code': 503, 'message': 'The model is overloaded. Please try again later.', 'status': 'UNAVAILABLE'}}",I'm embarrassed at the number of times I've eaten here since it opened.  i used to live half a mile ...,6.276045083999634
4,5.0,"The customer initially had reservations due to a prior bad experience but was thoroughly impressed by this new location, visiting three times in three months. Key positives include excellent and helpful waitstaff, great menu choices, a nice and clean bar, an 'awesome' patio, and comfortable amenities. The food is explicitly stated as 'far better' than a competitor, and the customer's clear intent to return signifies an extremely positive and enthusiastic experience, warranting a 5-star rating.",True,,"I will have to admit that I was not a huge fan of the Keg, as I have been to the Chandler Mall locat...",3.655021905899048
4,5.0,"The review consistently uses highly positive language such as ""great experience every time,"" ""very accommodating,"" ""beautiful view,"" and ""very helpful and attentive servers."" The mention of a ""complete experience"" and special touches like birthday dessert and cotton candy further enhance the enthusiastic tone. Although the food is described as ""good if not very inventive,"" this minor point does not significantly detract from the overwhelmingly positive feedback on service, ambiance, and overall enjoyment, indicating an excellent and consistently satisfying experience.",True,,A great experience every time we make it here.  Where else can you slide into the dining room?  We a...,5.067087173461914
4,5.0,"The review is overwhelmingly positive, using highly enthusiastic language such as ""I love this place,"" ""best customer service,"" ""amazing memory,"" ""most creative approaches,"" ""never had a bad experience,"" ""brilliant,"" and ""BEST California rolls in Arizona."" There are no negative or even neutral comments, indicating an extremely satisfied customer.",True,,"I love this place. What can I say? 

Richard Cho not only has some of the best customer service skil...",2.8751838207244873
4,,,False,"API error: 503 UNAVAILABLE. {'error': {'code': 503, 'message': 'The model is overloaded. Please try again later.', 'status': 'UNAVAILABLE'}}","In my opinion, this is one of the best restaurants on and/or near Baseline Rd in Tempe.

Their servi...",1.8111979961395264
4,5.0,"The review is overwhelmingly positive, praising the ""fantastic"" quality, ""top notch"" items, ""exquisite"" baked goods, and ""gorgeous"" meats. The reviewer explicitly states they get ""top notch stuff in return"" for the top dollar spent, indicating extreme satisfaction despite being a ""value sorta guy"".",True,,"I'm a value sorta guy...considering that, I should HATE this place on paper, but the quality, select...",3.3668291568756104
4,,,False,"API error: 503 UNAVAILABLE. {'error': {'code': 503, 'message': 'The model is overloaded. Please try again later.', 'status': 'UNAVAILABLE'}}","Happy hour was hopping today, unlike last week.  Bartender Ryan wasn't there, but no worries, as Ste...",2.5226778984069824
4,5.0,"The review is overwhelmingly positive, praising the food as 'better than average', 'creamy and delicious' gravy, 'tasty' omelette with 'fresh and plentiful' veggies, and 'fluffy and perfectly cooked' pancakes. Service was 'fast and friendly', and portions were 'generous'. The concluding statement, 'this is a sure bet for breakfast!', indicates an extremely satisfying experience and strong recommendation.",True,,"We ate here for the first time this morning.  The food was better than average, the portions were ge...",3.812237024307251
4,5.0,"The review is overwhelmingly positive, using enthusiastic language like 'really great atmosphere', 'terrific menu', and 'soooo good' for the spinach dip. It highlights diverse food options, excellent beer selection, convenient late-night service, hot food, cold beer, a nice server, and clean bathrooms, indicating an extremely satisfying experience with no flaws mentioned.",True,,Blue 32 has a really great atmosphere and terrific menu.  The menu has everything from soup and sala...,4.756361961364746
4,,,False,"API error: 503 UNAVAILABLE. {'error': {'code': 503, 'message': 'The model is overloaded. Please try again later.', 'status': 'UNAVAILABLE'}}",Me and my best friend wanted to check this place out. We both enjoyed it. Here are my pros and cons:...,1.6708548069000244
4,,,False,"API error: 503 UNAVAILABLE. {'error': {'code': 503, 'message': 'The model is overloaded. Please try again later.', 'status': 'UNAVAILABLE'}}","When one course of a meal is so significantly better than the rest of it, it's hard to write a balan...",1.4316060543060303
4,4.0,"The review is largely positive, highlighting ample space, convenient waste disposal, and water stations. While the muddy ground is noted as a minor inconvenience, it's the only downside mentioned and doesn't detract significantly from the overall positive experience, aligning with a 4-star rating.",True,,This is a great dog park to have in the area.  It has a ton of room for the big dogs to run around a...,3.113341808319092
4,4.0,"The review explicitly states 'Heritage Square gets my 4 stars' and uses consistently positive language such as 'awesome things happening', 'totally made my night', and 'alot of fun'. It details enjoyable experiences with food, entertainment, and the atmosphere. While very positive, it doesn't use the 'extremely positive' terms like 'amazing' or 'perfect' that would typically warrant a 5-star rating, aligning well with the 'Positive with minor issues' or generally 'good' sentiment for 4 stars.",True,,i've lived in the downtown area for like 85% of my life and have only ventured into the heritage squ...,4.2649641036987305
4,,,False,"API error: 503 UNAVAILABLE. {'error': {'code': 503, 'message': 'The model is overloaded. Please try again later.', 'status': 'UNAVAILABLE'}}","I went to Khai Hoan yesterday and ordered the rare beef pho.  Now, this is the first time I have had...",1.3294250965118408
4,5.0,"The review uses consistently positive language like ""great service,"" ""delicious food,"" and ""much appreciated BYOB."" The staff being ""very accommodating"" with their baby further highlights an excellent experience, indicating extreme satisfaction with all aspects of their visit.",True,,"My husband and one year old son dined here on a Saturday night. Service was great, food was deliciou...",2.8907172679901123
4,5.0,"The review expresses strong enthusiasm for the 'top seafood plates', 'quality of salmon', and specific dishes. It highlights 'good' happy hour and affordable drinks, with the 'best part' being food served until 2 AM. Although service is mentioned as 'hit and miss', the overall tone is overwhelmingly positive and uses enthusiastic language ('love', 'best'), aligning with a 5-star rating.",True,,I love that this place has top seafood plates and choices. The services is hit and miss but once i w...,3.4800267219543457
4,5.0,"The review is overwhelmingly positive, highlighting affordable, stylish clothes, a comfortable shopping experience without pushy salespeople, and a great jewelry selection. The slight criticism about some items being 'plain' is minor compared to the strong recommendations and enthusiastic tone, indicating a truly excellent experience.",True,,"If you work in an office and have to dress business casual, NY & Co is your place to shop. Some of t...",4.031394004821777
4,4.0,"The review is overwhelmingly positive, expressing love for the carnitas burrito, praising the employees, chips, and salsa, and noting multiple return visits. However, the reviewer explicitly states that the breakfast burrito was ""just a-okay"" and they would prefer it elsewhere, which is a minor issue preventing a perfect 5-star rating despite the enthusiasm for other items.",True,,"Oh dang! This place is GOOD. I am in love with the carnitas burrito, and the employees are so nice a...",4.967209100723267
5,5.0,"The review uses extremely positive language, starting with ""great news"" and culminating in the capitalized ""GREAT"", indicating strong enthusiasm and satisfaction with the special offer.",True,,Even more great news....on Tuesdays there is a special of 35c per ounce. Not that I needed another i...,3.3616180419921875
5,5.0,"The review uses extremely positive language such as 'beautiful hotel', 'great rooms', 'best views', 'service is comparable to a Ritz Carlton', and 'over the top luxurious', indicating an overwhelmingly positive experience with no discernible negatives.",True,,"Beautiful hotel, great rooms, best views out of the resorts in the immediate area.  Service is compa...",2.427381992340088
5,5.0,"The review is overwhelmingly positive, using enthusiastic language like ""Love this place!"", ""delicious (and HUGE) and a great deal"", ""always fast and good"", and ""great"" for their loyalty programs. The customer states it's ""basically the only place I go to for pizza nowadays"", indicating extreme satisfaction and loyalty with no negative points mentioned.",True,,Love this place!  Their slices are delicious (and HUGE) and a great deal.  Service is always fast an...,5.406642913818359
5,5.0,"The review uses extremely enthusiastic language, highlighting the restaurant's variety, flavor, price, decor, music, and attentive servers. Phrases like ""DAMN they're good,"" ""one of the best things I've tasted anywhere,"" and ""Highly highly recommend"" clearly indicate an overwhelmingly positive experience, aligning with a 5-star rating.",True,,"After spending a combined seven years as a graduate student at ASU, imagine my dissapointment when I...",2.989396333694458
5,5.0,"The reviewer uses consistently enthusiastic and extremely positive language, explicitly stating they have ""not a single complaint"" about The Marquee Theatre. They praise the friendly staff, great bouncers, phenomenal bands, awesome sound, size, and temperature control, concluding it's their ""favorite venue of all time."" The only minor negative point is about other patrons, which the reviewer clarifies has ""nothing to do with The Marquee itself.""",True,,"I love you, Marquee Theatre. 

Just last night I saw Dashboard Confessional here and it was packed. ...",3.668562889099121
5,5.0,"The review uses overwhelmingly positive language such as ""Amazing greek food!"" and ""Unusually delicious!"" The customer expresses loyalty by stating they ""always try to come here"" and praises the ""very friendly"" staff, indicating an exceptional experience.",True,,Amazing greek food! Definitely try the greek fries!  I always try to come here every time I am in Ph...,4.033537149429321
5,4.0,"The review highlights consistently good food, a cool atmosphere, and excellent late-night hours which are described as ""perfect."" However, a significant negative experience with a ""horrible band"" causing ""sharp pains in my ear"" during the second visit prevents a 5-star rating. Despite this, the reviewer still states ""the meal was still good and I liked it,"" indicating the core offering remained positive.",True,,"I've been here a couple of times.  The first time was on first fridays.  I expected it to be packed,...",8.296410083770752
5,5.0,"The customer explicitly states they would give it a 4.5 and rounds up for local businesses, indicating extremely high satisfaction. The review highlights numerous positive aspects including the owner's consistent presence, hot food, fair prices, excellent quality and taste, and great customer service. The strong recommendation to choose this place over well-known chains like Sonic and DQ further underscores an overwhelmingly positive and enthusiastic experience.",True,,"I'd give it about a 4.5, but I like rounding up for local businesses!  The owner has been in there e...",3.822887897491455
5,5.0,"The review is overwhelmingly positive, using words like ""amazing"", ""delicious"", ""mouth-watering"", ""friendly"", and ""VERY reasonable"". The reviewer explicitly states, ""A well deserved five stars!"", indicating an extremely positive and enthusiastic experience with no negative points mentioned.",True,,"Came here with a bunch of the crew from work during lunch, and wow! This hidden gem on the corner of...",2.716953754425049
5,5.0,"The review is overwhelmingly positive, describing Mister Softee as an ""all-star"" and highlighting ""great service"" and ""great tasting ice cream."" These strong positive affirmations align perfectly with the criteria for a 5-star rating, indicating extreme satisfaction.",True,,"Mister Softee is an all-star, he showed up on time, provided great service, and has great tasting ic...",2.665264129638672
5,5.0,"The review uses consistently positive language such as ""great"" multiple times, highlights excellent customer service, praises the quality of the haircut, and commends the friendly and welcoming atmosphere. There are no negative or neutral points mentioned.",True,,This place is great. The first time I went in I didn't have change for the parking meter and they ea...,3.23453688621521
5,5.0,"The review is overwhelmingly positive, using phrases like ""one of my favorite places"" and describing a highly enjoyable experience with extensive amenities for kids. There are no negative points or even minor issues mentioned, indicating extreme satisfaction.",True,,One of my favorite places to go with the kids for lunch.  Bring a small amount of $ - grab yourself ...,3.1625499725341797
5,5.0,"The customer explicitly states the service was fast, the stylist was ""great"", and the haircut was the cheapest while looking better than those costing over $200. This indicates extreme satisfaction and excellent value, aligning with a 5-star rating.",True,,"Fast service, the woman who did my hair was great and it was the cheapest hair cut I've ever gotten....",3.050039052963257
5,5.0,"The reviewer shows strong loyalty and consistently uses enthusiastic language, describing the sweet potato casserole as ""excellent"" and the Caesar salad as ""the best I've ever had."" While mentioning past minor issues and a strong preference for an age requirement due to other patrons' children, the overwhelming positive remarks about the food, the service on this visit, and the comparison to competitors strongly indicate a five-star experience.",True,,We make it a tradition to come here whenever family is in town. So I've probably been here atleast 1...,6.698912143707275
5,5.0,"The review uses strong positive language, explicitly stating ""The food & service was great!"" and that the server was ""wonderful,"" indicating an extremely positive and satisfactory experience with no complaints.",True,,A group of us from the IVAA Summit went to Zinburger last night. The food & service was great! I thi...,2.8810489177703857
5,,,False,"API error: 503 UNAVAILABLE. {'error': {'code': 503, 'message': 'The model is overloaded. Please try again later.', 'status': 'UNAVAILABLE'}}",We have been here several times and each time has been excellent. Our first time was in Hawaii and w...,2.4291610717773438
5,5.0,"The review is overwhelmingly positive, using phrases like ""I love this place!"", ""delights all the senses!"", ""fantastic!"", and ""incredible!"". There are no negative comments, and the reviewer expresses an intent to return and a strong recommendation to others, indicating an extremely satisfying experience.",True,,"I love this place!  it's a cultural experience!  I think even if you are Mexican, this place delight...",3.6026499271392822
5,5.0,"The review expresses strong enthusiasm for the restaurant, highlighting excellent value for money (""significantly less dinero"") and a positive dining experience (""love the place"", ""Win win""). The convenience of the conveyor belt system and the option to order fresh items directly are also seen as advantages, with no negative points mentioned.",True,,Came here with the hubs- and we love the place :)  We were able to eat here for significantly less d...,3.135941982269287
5,5.0,"The review is overwhelmingly positive, expressing complete satisfaction and strong loyalty to Elegant Reflections. The customer praises the competent and friendly staff, reasonable prices, quick service, and private dressing rooms. Although a minor issue with a loose cuff was initially encountered, it was swiftly and effectively resolved, leading to 'nearly indestructible' stitching. The staff's exceptional memory, greeting the customer by name after a year, further highlights an outstanding experience.",True,,"I am 5'0"", so I require a lot of alterations and it is essential that I have a good alteration servi...",3.624645709991455
5,5.0,"The review is extremely positive and enthusiastic, using phrases like ""stands out,"" ""Exemplary service,"" and calling the driving range ""the best I've ever seen."" The reviewer's eagerness to return (""Can't wait to get back"") further reinforces the overwhelmingly positive sentiment, indicating a top-tier experience despite the course being tough.",True,,I've played well over 40 of the Golf Magazine Top 100 courses in the US. We're lucky to have many of...,5.806878328323364
5,5.0,"The review uses highly enthusiastic and extremely positive language throughout. Phrases like ""ultimate shaving store,"" ""staff knows what they are talking about,"" ""the little tutorial was nice,"" ""best place to spend it,"" and ""simply amazing"" all indicate an exceptional experience. Even the mention of the store being ""pricey"" is immediately followed by ""worth every single penny,"" reinforcing the overwhelmingly positive sentiment, aligning perfectly with a 5-star rating.",True,,"One of the perks to being an only child, is ""me"" time. There is something special about having time ...",3.931842088699341
5,4.0,"The reviewer expresses strong satisfaction, stating Texas Roadhouse does ""two things really well: steak and portions."" They praise the ""well-made ribeye at a very reasonable price"" and deem it ""far superior to any other, more expensive, chain steakhouse."" While acknowledging it's not a premium $50 steak, the overall tone is highly positive and appreciative of the value and quality offered for its price point.",True,,"I'm not a fan of chains. I far prefer to find, and give my business to, new and interesting local fa...",3.4140710830688477
5,5.0,"The review is overwhelmingly positive, highlighting the friendly and professional staff who made the children feel relaxed and comfortable. The explicit statement 'I highly recommend this office' strongly indicates an extremely positive experience, aligning with a 5-star rating.",True,,Dr Norton and his staff are friendly and professional. They have made my 3 children feel relaxed and...,2.7716169357299805
5,5.0,"The review is overwhelmingly positive and enthusiastic, using strong words like ""love,"" ""amazing pizza,"" ""awesome crepe desserts,"" ""fabulous staff,"" and declaring Cibo their ""favorite place in Phoenix."" The minor mention of Sunday closure does not detract from the extremely positive overall sentiment.",True,,"Cibo! Cibo! Cibo!  I love you and your cute old farm house, your amazing pizza, affordable wine, awe...",3.0801568031311035
5,5.0,"The review is overwhelmingly positive and enthusiastic, using phrases like ""OH YEAH!"", ""phenomenal customer service"", ""SO much better than any other gaming place"", ""great find"", and describing the place as ""something special and unique"". The customer explicitly states that all high star reviews are true and highly recommends the store, indicating an extremely satisfying experience across all aspects mentioned.",True,,"Fable III used AND looks brand new for $11?!  OH YEAH!  I'll take it!

I stumbled upon this place be...",4.199635982513428
5,,,False,"API error: 503 UNAVAILABLE. {'error': {'code': 503, 'message': 'The model is overloaded. Please try again later.', 'status': 'UNAVAILABLE'}}","I've always been partial to Harkins Theaters because they have the best seats.  I used to say, ""You ...",3.3873789310455322
5,,,False,"API error: 503 UNAVAILABLE. {'error': {'code': 503, 'message': 'The model is overloaded. Please try again later.', 'status': 'UNAVAILABLE'}}",If you have never been before you should really try harder... Your mother taught you better than tha...,1.5459530353546143
5,5.0,"The reviewer uses highly enthusiastic and sarcastic language to express extreme love for the place, calling it a ""gem"" and wishing they could give it 0 stars to keep it a secret. They highlight multiple positive aspects such as spacious theaters, a bar, diverse food options, three popcorn flavors (especially the caramel), and a calm atmosphere, clearly indicating an overwhelmingly positive experience.",True,,I honestly wish I could give this place 0 stars just to keep people out of here- that's how much of ...,3.25131893157959
5,5.0,"The review uses consistently enthusiastic and highly positive language such as ""Great Mexican food,"" ""tasty dishes,"" and describes the Michelada as a ""perfect beverage,"" all strongly indicating an extremely positive experience aligning with a 5-star rating.",True,,"Great Mexican food. 
Authentic street tacos plus a full menu of tasty dishes. 
Halibut tacos remind ...",2.838225841522217
5,5.0,"The review uses extremely positive and enthusiastic language such as ""rave about,"" ""highlight of our trip,"" and ""worth every penny,"" indicating an exceptionally positive experience with no discernible negatives.",True,,Just have to rave about Becca and Todd's Zoo tour on a Segway. It was the highlight of our trip to S...,2.657758951187134
5,5.0,"The review uses overwhelmingly positive and enthusiastic language such as ""love-love-love"", ""wonderful"", ""even better"", and ""lovely sweet and very helpful"". The customer explicitly states the restaurant ""gets my full support"", indicating an extremely positive and highly recommended experience with no negative feedback.",True,,I love-love-love Green.  The atmosphere is wonderful and the food even better.   The people who work...,5.914546251296997
5,5.0,"The review is overwhelmingly positive, using enthusiastic language like ""BEST"", ""great"", ""wonderfully"", and stating ""I haven't regretted that decision at all"" and ""I am hooked on these tamales"". There are no negative comments or minor issues mentioned.",True,,Saw this place while I was picking up pizza for my kids.  I didn't want pizza thought I would go in ...,2.6864867210388184
5,5.0,"The review uses highly enthusiastic language such as ""Amazing"" and ""fantastic deals"", and praises the owners as ""really nice and friendly and very helpful"". This indicates an extremely positive customer experience, aligning perfectly with a 5-star rating.",True,,Amazing clothing and fantastic deals! As a photographer this is my first stop for designing shoots w...,3.0791397094726562
5,5.0,"The reviewer expresses extreme enthusiasm and love for the product, stating they ""waited and dreamed a whole year"" to eat it again and ""literally ran"" to the booth. The fact that they are ""not even a big ice cream lover"" but are now ""all about the alcohol infused ice cream"" further highlights an exceptionally positive and transformative experience, warranting a 5-star rating.",True,,"OK, so this is how much I love this product. I first tasted Lee's at a Yelp Elite event and waited a...",5.296040058135986
5,5.0,"The review uses extremely positive language such as ""I love this theater!!"" and highlights multiple excellent aspects like being 100% digital, very clean, having friendly staff, and convenient access to restaurants and shopping. There are no negative points mentioned, indicating an overwhelmingly positive experience.",True,,I love this theater!! it's 100 % digital and very clean and the staff is friendly. I believe that th...,2.509097099304199
5,5.0,"The customer's review expresses extreme enthusiasm and satisfaction, using phrases such as ""Absolutely loved this place!"" and stating that ""The food, the drinks and the waitstaff were great!"". The highest indicator of satisfaction is their decision to return the very next day because it was ""so good"", which unequivocally points to a 5-star experience.",True,,Absolutely loved this place! My fiance and I came across the Arrogant Butcher while we were in Phoen...,2.785517692565918
5,5.0,"The review expresses extreme enthusiasm using phrases like ""love this place,"" ""the perfect day,"" and ""food is awesome,"" along with stating the area is ""lucky to have such a place,"" clearly indicating a highly positive experience with no negative aspects.",True,,I love this place. Just to hang out on a Summer day on the patio and have a beer is like...the perfe...,2.5693061351776123
5,,,False,"API error: 503 UNAVAILABLE. {'error': {'code': 503, 'message': 'The model is overloaded. Please try again later.', 'status': 'UNAVAILABLE'}}","I don't think there is anything else to be said about Delux, it's been around and they offer nothing...",1.590834140777588
5,5.0,"The customer expresses strong enthusiasm for the concept, highlights good coffee, fast WiFi, friendly staff, and states they 'couldn't ask for more' to get work done. This indicates an extremely positive and fully satisfying experience, warranting a 5-star rating.",True,,"Got to love the concept, coffee, art and a co-work space friendly for start-ups.  OSP has that feel ...",3.479829788208008
5,5.0,"The review uses extremely positive language such as ""Amazing"" and ""A must go place to eat!"" which aligns perfectly with the 5-star rating guidelines for enthusiastic and highly positive feedback.",True,,Amazing sandwhich joint. A must go place to eat!...,1.7973198890686035
